REPRESENTANTE,TIPO_COMIDA,PAGINA_WEB,NOMBRE_USUARIO
j4CrsW0L8Z,TTpZhoQNRZ,jGzhkj_vd3,lYNVELGtg8
hmNq_abJCa,Y4TtPU66lV,D7kq84ktNA,zYf8heExgh
CWaXfg9rsC,FqUR2MwyHB,9f3u2HmPlb,RwZGaFSec0
DBXaj5Oj3_,uHUQVEwqeo,fSmhk0PyBi,Poi8vxPa0f
TvMC8Pjhnq,IdkcrnMJCX,eQ53pZ3aGQ,aan3DisZbS
OF9LLc9EJq,Bxz9sH1Dpt,hIeA80TpVs,umt2OaHFaq
rT4B46zL74,sh2Jo7kaVg,z1JRzOlAEX,detaD5Yp__
NKhbIe2LvW,XSgE_7ItPU,HCH37qwmQM,PYUy8_e15J
WjjTE8ioA9,hvZgmwADR6,i0ApZH_5XA,mlydxv4cLV
mw6mqjsU6y,AD_BuDpXsy,YP21hmaUfW,_tnmSbtnox
zubP9TwZuy,mgADUFRHL8,MYDzGedRMC,zzdnjx7lmu
A5_zjr1NSX,Lk0g2Sua8S,aEdEbNV_RD,pXj4wMNvXj
O042NGrAig,PdYvhI1o9_,RYb9e3JCWl,mjHj1F9yA6
NZElj46dR5,_xLaPmWRow,8kCCCctJbt,YKgPgxbzvr
f32csZUPwK,pLcs07a4fE,ON07wJWFTG,qMxN5Mjzkq
3zkapCFdpi,Xri6g_TNSk,LHLPLpH_mi,94pLfBMcvT
Ss0iSmw5ID,0pufKG9UB9,RSGYgPG7tD,O5ZsnO34d6
j57E2WIjwv,gIvlrJqb6d,ONkBh79D63,g56n4WFoaQ
YQBfYxG5Qt,2pBe6GTX3W,HK6VQN2XPw,791ZU3c6Ec
9SDU_j3exQ,XCwpFZzUXa,6l52Aikcn0,2gGd3G3are
CIEq9fkOsp,pNCq61AQM2,e1nPiBDbhc,V_ODeXKSlU
KTI0FSEfO2,P2j1m9DiAt,qkx2PzSfsG,zh4n8x7tDT
5gAklzDd59,AiK8HjhExM,LuTIuseICe,k9eBHHfarJ
x5V9n5FOG_,atUz6iS9CE,xxU2cq00mG,nITKF1ZNIJ
ayvT7z9cxG,F__0sDSrOh,HkZ6H9c8M8,FuWAmE3FAR
sqSpOIQC7a,AHPhtyp2Kf,7oOnEMAHTn,Qlb1I7ZvNA
_fJnWKo610,TLnf2STpvD,MlslaHW2Hq,UR1XAFDueG
e1r_Li7nMn,DPue2kni6C,wit1MImXrB,1Mdl10r3cP
JHOZvy022q,hoXMogjNw6,Unf5w0nj2M,Oi1pD46d3e
78Z39V_2OL,mcuo6YnDAv,SlyFpZ0Fbp,Q56LB_O0g7
YhIUHWaRsb,xsIq_brMgN,YUjFVeFI3r,zEEpObKn0L
w8Wy4UaVok,2j75eELT8z,pXKXq44eXQ,ZhlGDsuKFs
D4cyGfEsgD,LvIXooCoFW,SMv5mhnFn6,eYHTc0GGdd
jmmvh0PNnQ,DXmjbZj7_N,DR4kJiR6pW,UouSyCubGz
NtBsMZRXyn,PjrHNEbFWj,xxiWugwHJA,DRMG4Gm4HY
9SDRYOnwlv,r2ngDbl4xn,zdV8DluAqa,hNwxAz_gSZ
OnRAu1beXQ,3whaLlkiIg,c3ymagnAIf,3FD__qmIuF
P0tq840n1M,K77hLp67dP,B9m3KGnLZf,TgnhamwwMU
zUi7RyVqDr,_uH3aNuyzu,ue_M8lZ_vP,pLEKFDYPng
MaGDn4ThSO,2FCmXs0m6g,T2cJu4f7Av,qcNsnX8I7U
rUfu3Vi3qU,drAXl9XPQf,_eR9mnn5Mo,umxo2tTfQc
l0qlDdMnFA,MHi1Q_YAEO,ARyubG5qU0,MJQznodFwC
bZm9c2lSid,F97iuMaowV,th86Pjm7Jt,KzAMIZPnyw
23tPYm0uDS,4wJejzN1iE,RY59nXudL1,B0DHYUsOBF
tFtW3Ovch8,IM8lhC7caH,xfCS55JcmK,b47AkeVSsW
qv6pcJWCoj,zz5VOpOjC7,dIzir31DqI,Hucf2iKUnm
NnjTFg2zTz,jtoio99LH4,DnBecjwEGV,M3b_3hfUvL
LkInHfoFIi,y7tEsPyh2D,EphBMmz1zQ,Oem43AwtW6
TvEQ_7K9m3,n72UZfTikV,k07bljPuon,eHqUlCbsXl
VpniXZQAF2,Xi3V1_u4rA,KmJablpJBe,xl7kV7HCkC
gJ5dnBlW2X,t5llAx_m2T,NEDcLx_9iD,oFsPjGH95a
lfsUhhjn2O,Mq4oAlGsiQ,phOH2WkXQq,phCrMSFNfx
dZhSfdPErR,ZD5yRe7uN8,fQgd1nTHx9,FsLzuGyRce
fDNa6temHt,9D76_CnuZA,xz9_w4FWRH,9Xs1JuGz1Q
R1ieAKIVvy,AydFdJIc7g,nBb4c8WVCt,PzbJxGzliY
F7ZB6L8FQI,vOI9RHGgXH,tkST1XgMA0,mEKA_EtWkf
KSq91os7RC,nmFWUByBUZ,oMvnOfp4Xl,5ubEFuGOck
qfFAUMRKXe,1LzNs6lhLV,QTU1TZaNqx,zNXEvFvp0p
BMlRaigR1Z,Q9ayyvs3iC,6MW0k_u_2Y,eWYTww4rbg
4WtZfveWDK,B0sfI9tJV5,7rIToBCbdx,RkjbzAXcOE
AyutgtMEZl,ccKHSQ2z38,Ju08bB7CQ1,0aaDRaNmUa
rWU3pyr0tU,9yBiTYTh5L,WA7AhjV0Z0,QgtnH2qHxg
vnMyJPH4Ke,Tj9LMciCDk,hKRnWo9Ue_,UzuAwXsJ95
LYbgvb1Mr1,_8YM4wxOuf,ASIcWt4fq8,sOeYDurqBB
QPDNj6bisE,VNUZEcGf_h,VFUNtG548T,j_L2rf5Exs
eoNhDITAye,wFWFoiq_po,dvmudyyjiY,KYEhR9NcN2
DqI8l_KVmQ,_LCzUQc0UB,DaahEAe07L,74ywneT1fy
VCBSU3ZrDU,HbE2HkvoKy,YG44aBy3tY,PizQwNNz2e
W_ye3hDN2X,rSUnA9jguW,3BkRLEWSrn,hVfUUMyrl9
EdVLx964sg,_WsZIZcfW8,hJA7xnXWTs,yU9FXZsIZD
7pjDcLvVAE,si0UuOv5G5,UDkVAD3sFJ,FYaUFpcJIs
k0AQtU8laz,htYhjItkmp,2CFxncarCu,msYJzv71WQ
w9EdkbZe2I,pAlrwyhvVr,27wIiLaBsu,_SoS8uEwSW
cGWwppw3oj,7jXIloVW5K,mTDJ8vIFCv,BMaeSsu1IY
ARe9_NKzeC,imuICTPlVY,2x7ZvR6Zee,DVRQ_CFden
0BRCXrw1Ys,24atCTB95x,PqyoXKBb4C,PKjXyx0oGa
Aqaa06zN7W,ksx0YHwU8M,PT_OkOjZfM,_xyObHPYnd
MEgcYS7HEi,7eJWzNPfoD,CEATyqnpaR,SHHK7zhn2J
mSHFhp8pVP,ZzrHjvozvl,TBQOVUH80f,zqbeUAMlhY
HtlNFnXgfH,y2uMTIlkqO,5vw3WyoFYe,zwXZiELuwP
J5vZA3tOp5,_cz_qikYO6,jTxO78rTWP,zb1gAi0trT
KxblxhX8XT,P_J6RTFEH6,YpbOcEmlFp,pgNPtNIHRv
MROtpBuqPP,HRPVa_AfmU,6Y9aYohG5d,CPXe7u4QxD
Gi4ungt5YA,EmPcV7aPdK,WiOEPf1GYR,B3g6H7UY2b
ru8rFfnTkI,BFhHb__cRb,ORYgNDkBIR,SSK_vIVu2k
_st8hqBv7O,79J9vIFtB9,QZ5hzBzo7i,5wBfPAhcnC
YdR7yRzk3k,w81j9QngmB,eT91LAiyZ9,m4XF9QesKr
hloTo5DTwk,4f8DInshpO,0S5w0mB4uQ,Huu4xetGwV
dQFAfBHYGh,iA7pTXkP6Q,G_7mHQNL15,LcUx0to005
WDvQ7Ontyf,HeG6CgGrCx,vWEH6C5vnf,puA897tW95
iQ2HRuYsW3,28jYPfenEt,1EC3O2oq9z,cjcECFYsux
OWYwZEW1CD,kJ9cOFA02T,_lnQSWZ9AB,lsMZ8EN7ma
QNAes69LMw,HPh2h95mn9,o8h_qcAAzh,WZ7F07R3gC
gN8uQXVdtH,RBEpCD7oaE,7pwzYYK3sr,DhJVCkYL6K
tCpVvhZ4Hs,Z9npKpczV3,7MstpprCh1,RFyfbTeN33
43JJn0KzcP,OKm7lAwtsf,6I6decRpSu,2EPwOnl0GK
6127yiGFfC,9aE2Ha0BJQ,uy0LInlQD0,MmxmpIczn8
2jseEySJU3,D9Iw6WCGVj,wT_EsADGaj,nttKn8uvRT
DGQAVfLz2_,AdEiZhsGMl,5_cpceHSq1,YB0IZIHdVw
SvkiCFz1lr,SGPDnrp5z5,bUkIMyHK__,CUpMQ21PMZ
SwDnO0i73L,3IZGJU2H9J,ANO8Y0kwY7,3PqViq27Zx
HPgd0WjdNV,W3HSVJBBqW,lVYN9EyGMS,UhA9jtgxY2
1DSPHYSDHG,2iaI6eZ7qI,ULU3l8BX1f,4MGv77iPW_
gDJKZYI_qN,JvoveCG4k5,D3Nl4MeDcC,VTfNpkc6sv
46SZk_k6h0,Ph6KdpevLe,oKTK76FQIK,gYunMYkh7s
vGfNoKufS2,tXEUney8vQ,882OXlBY4P,j_dgTI7mH1
AhNl8UT3xg,a0jLWjRbaX,IwImTcxIWX,Wlmhq7T2IG
zgetXoZTs3,it8UNnmU9J,88RbJrVmq1,gXHyT4hgvk
3BDYIhdrdO,wPCXmpA7Nx,omOhYdGmwF,YGhprOPTjq
uPCvv672FL,scsibx2xxF,BXXMe9WrMI,c9R_RHd8zn
Gh9VqtINtB,lmRZ1GjkDF,hG4YKnmlt8,EcJ2pXE7TP
YppELP_AqT,Q4gyjWBFBr,Iy00XfDTRG,0o9kubPI_7
0K_c3J6R1G,lm68ufRidP,z8iUsFoMmV,E_NdUA1K7y
H7F6bTq5Cg,RQ1H7gUSDR,EW6fcWvF7j,6ahC4Jjd6Y
M08JRKS3nO,EvUJKVGsWP,qrImUkGyYs,2Y6_Gz2UlA
pYxJSIv7DY,SyJPmcrUfk,loCk2cb4Cg,glUnDqzXdI
kUC0VtYVVI,4AAnJ1oTHa,kDW4SFGP4_,JhgdsGNZEM
kxyjAU9s8B,lYQs3R24C2,fCQhfM7fa1,Qp6hxDDjT3
z6Ps0cUKjM,ynRcGry2za,E8sxZ1VU3z,KsCioajp0t
BEujcWKvsB,M547lbWynl,s3kq2nO4k8,Y1SzGhs5pW
SRWyslkBCa,uCbyGlCByr,OfhUk2xpNQ,2DSWx5Rl2U
tuapBkrMqk,u9OzhWAeH8,ej8sua1YLf,MHIQQVQzUU
VemPXXW3ZX,JuyqG5ENA4,pmqP3WFy5C,55WKJDe8R6
5Ldp_Bw3_r,JtSqFVtbSw,mbuCPvZRaS,xYPauk6QVb
5Dv3tNoOWt,rrXjJBaNgb,tVjtvLbKE1,OF2h4rzcnp
smD69kpMGY,VaGCwX643i,ORGPlf3LWN,l3Na6ndQWy
T_GpYDdIAg,whYcEDKsvY,or_aIp6n8W,DlBrGcqEK6
h2xz6kr5nT,ulyOQETFyy,mJxYKLVIO8,vdDtg1on2C
JmJiULzHyF,Tvc25OYkko,px3KRem5mQ,N_Q1PfciFn
a8Zo8aX_Um,Q0mGimPpnr,Rgxaf7eYtD,2PMIC0pLb3
0XWWTmXDnx,ISn8Plw_lJ,ko37zbs07Q,C0F_Sjbqom
YNCwozVbm7,MmKM5e3EU_,Yc3UUXEhGv,kk5OnNaGbj
YorkOsVNfQ,F2YlH0t5Fv,jE5DCd1h1z,6pSJ8UXgQy
08QOtL32SZ,9wD9ickqlb,Qw5hw8QApy,HiS_sZBUD3
BFXIkU2Xg3,NtOj9Cbb3X,kuE83pBr0F,qp4T1g2Ikz
_r6GrkeyZL,rvMreQlVx7,FKUhuHlc62,xXjwqlPLBG
NjfX4_rSMB,ivTU028cha,gdmkvq_Aic,VMG9QT_IlE
eorRdhobzJ,V0V7ixW4GJ,BfKQhAWoNG,QWYPxEp86p
f7pe5wr02o,z1O7YyV8b3,_9rX8EI5jB,u8whBgEqr3
zK7JHrwJzL,PaJddO8A1Z,NO5C5dTOEk,kHexOMo74q
N24oBF8q4Y,NjaX3ewZQT,KKy2O6HN76,rcTCcxjqjx
e2CZt8Y5rv,Gk0C5YsFfS,EP6IPuszHF,eN05RVpFPR
8JvfxBkXys,tJUnWuo6ks,gmciGsZhu8,O09PneLE_1
lqNy5gCno2,mfT98jzIFD,kZEVMeLCQY,wt8mHcIBle
PYAu9W_7b1,zwezNZOOut,WVRtA7p_yL,_puEP3_gPt
ucQfe5rOWQ,RcLvKFWEBI,_Sep76d1c5,YxMoMSmSjn
2qxcDBBXhv,ZSRS3z5YL7,lN_zERUPHz,nSs6PxCyyR
fCZpt7oGM7,3ASeYaVjaM,KxjZfgPnGf,oO14iBAdyy
YfowM7Sm_2,TRqH51Rr6t,PlTeyn419e,8gYtXOo1xF
3JqmWQ0dwU,wgHYWsAyNq,Ic_3Su1hCZ,gPtjxGwrqL
u15AIVxX0i,vj74EDnIZm,W1HZAShCXg,88QrbMSkKZ
g0lYg5dUZ_,7VXRI5L24Y,L6NDZpZUCP,LIGOCAv9Y7
qX0NXygVgK,LzREVULXD5,GHe4JW7vYK,eYGh0zRU8B
TXHMEozgDk,NIdTpFK5_I,rcYwPm5rdA,P_U3Jst5_q
1ypFSo4YYc,VkzI2IkGuW,ggDlsziKFe,tt97Zl__Sg
XRJ42q3E64,_QQdqh491o,Z8e5rMcMRU,_CRZFmr6_0
eZMyKKw_Nh,YeIrUgWbXX,bvFC9L8aAX,kiHFuy1zum
VyFbKBk7v0,oO8mcvErSA,HeEest2BQE,lmMzr1rgL2
mSU0coHqpR,u6SYQNwHLF,wdS5hmANbt,lR7UjJ7_vj
z0VzCufP4u,ATHIuEic3n,SBxw1T6ApI,jeebe3bTVH
inUwkZtj2Q,O5MQ8R9CG3,eao_GIOvbs,nrlQ_OGjQ7
KrU9wr9E4F,FWi6n9_C16,SwHGsJT2yu,W5M4L3Tk2t
8cSqrRrHIX,E8qeuvtue_,16Nirfby_K,M2G3mQGPUG
VE8h1rxglK,dO6_uCYal5,_MOxNS1G3s,2gNnAR0R4t
OzEQTfvlSJ,PCBRCDlQuu,VxeNlBjpJT,fPdqTc8stD
oyIQwYE7Ds,eJjBDFenUS,WxkIwKieM3,wLU8CLRRlr
IdoLrsuf97,MW3s0KuLuc,3mCgWEkJEk,Sq7MV3xxGb
zMrU_v4Ofy,KEp3meCxlr,EKlBhzSbVw,1WAlqLfNCV
eadYQ8z0vW,GnFjiq012V,F7yTjcEkw8,sayuDnHOyz
R3wV_dHqvy,71zbTFQAKf,LyKZY1YFqA,FLupOIDttO
97_jNaQnpE,YZkcJ2jFTS,pFY7LHs4al,n2WT2uOVU5
5JllNQR6b0,FNiDmz1XAg,L0wMI8_fk8,ERsMnNgrsl
QB4qXcEbmm,aWBslzvpAe,siHyIF53NS,QhGPN5qRFg
C7PFq_P2TP,854Y9AmZwa,XrmC0g31gl,7RRrVDkrkI
k3eftD6sXi,L17YjaaCGA,F6WbT1VeUb,7iPMDxTmV5
9nrYv6DqtQ,AVUKcdvKyO,n1t7UpDJ6B,RQpBEoD9yW
J6rnSBx3OJ,iN4puvC9mB,7_i3nR0DAT,wUx94xChPg
wZdyG_nAxh,KW9_sqQ5HU,x9nF9kNYHV,615uBn9Vfu
6em6dv9WFR,Xzk5MMC1ds,TSsMdBahEW,VUufxSdCda
CgJezj7mAH,Rpu9oWHdbY,p_QYypEXLi,tASx_CF_xB
7e4SYFzgEx,VK1oP0hcfU,J8USOyWVPM,sTfhGxHN1M
AdkGYaGIkX,BYtv83Xe3b,TSXLEXeUbI,Y7coBDebkV
IF5a3rOp7S,P6TKs5FvdP,hnBdDKYJ7y,UNe2imxpCp
Qz3TL8Fskn,K6zZx7CPT0,0A0VHw2OKL,nd8pqOuwvr
j1Ji7_usdZ,Yo7MhhA8uY,92ZKQQ1dFo,0atm7DG4FT
DQ2jEPTI3w,qwQDTsXb7R,SIvMMyoUeX,_TAm8HxH8K
sL0n0jDQMA,1JVqln7Kd0,aR9tqyXIgx,Y2Ute4KXx8
oLAvhd2DN7,9pi38YxgJe,xmYFG3Xw7K,jxZoTZyNCx
kMVTuLrWHu,_XJerX3Pqu,6i4ykPNaEa,Jnipm4j4ac
GmmJl1B5Yf,_SmEcy_TIJ,BvL6u3U2Fs,vs0bv2Va2w
667VCoSkir,wt2r0a7Chn,KK_0wsCsRV,7uFxH3b1Nh
JsUXH1fZKe,3Pc79mfIx4,ZYXrV8iquD,bbAb7AdiSU
zgJJsONhlj,jus2YIGrlN,bxaigY4RzH,qjl_bwotwP
nPSBRCy_zx,Q_278_nkEd,QvwD8l0KVi,eMTGk2dNm2
z6YbePkEh2,7addAKsCHf,T6_hQZh6bO,FVG_Aj5_Zc
VJ2VM734IM,qo4yNOj3tl,4erJ0mV31w,dZVZ0XfrJr
xCzl0z6cpC,Re0jYCm0t3,CU4luLfd3B,RLs4MOrC8m
q16DV_9hhO,t_O79MXi9e,rwqOOMjmVN,awFSG3Pp8G
pR8MUAKGq4,KwkO4LFr0_,LGmUgwmsjR,WmNwjFjyIu
rgNkoRHTv5,pMWxa0goHK,L382orZt9z,6ftiTdngBH
GxyJvvX2T_,w1pTz2ETAj,Hadtqfip_c,AbIBsJKQ3C
K8D7q81LjA,oAtokvKq3E,s0C4bPUshK,ZXIZCVGW5S
VB0XkDQNjz,TwkxGZvtyt,q4w5s1d1NX,HZU39EjsmO
1W2LkZKMbu,6bpYYrFIGj,p1oX2lUMbh,XkVZJJdSfs
H2aT6IGJ8p,psPfdHHdgG,_8iaSYhcjG,xuuoyfoHAl
uqZjTt2zaP,KsqPZ9QCwD,J8JYSpDP0D,Fd88IrrBtp
N1s4Duupwg,CLt2UBmXrE,Uh_UCNxBHX,Y2LGpQJiWr
xw08CJsRNq,7mLSfHeba3,fl0ySKgf5W,GId5S7_WtS
VYGq48U9Kw,SpOy415QnM,Ix60usPg7J,EpQp4AGQ96
Zzmsw7qc8o,nn7PFyp_ix,62ifADB_xM,WPvRTtqKpf
JfYFuqDNRT,BnuBo2MRS7,3pRnEw52FM,DyBAZ3hQMy
OOCnYoS1Ni,nYMOWlNhl9,0QLP4u3TeQ,Co90ROK5fB
uwXBrI5s4k,YhMqtiuCAT,nCflOuXZnA,j0lhBGw2Gh
byXxBcOUkt,2xFDrOnlIS,jA_9w78MgQ,yLhm84iDCV
d1QXDN0LlF,ewmZ3UjQsX,pxm7GLU9m0,mcuj1hbjZS
OPlthi1Z4S,tctTmQ1yoe,wauU6HdVbc,LRbvC710go
FnxVhfCH8F,bqNdYwUbbe,TpfPT6HwTD,qP3sTzu2nP
Pj8qkjM4o1,vRfJjSZhU1,Kzyz1I2N_A,3UUj6LN0UX
hXcj8Rl1yx,Pd4oH6zrZh,2Qbk7FJON0,X2VkCniF04
jbFYkSDJBy,yV4THjgrfk,HbTHwejy4_,eh9thMu1oQ
F0mUOokcwh,6tVSmGHEGv,Kr8Cx2eRRj,kklwQvnWWv
8cdiBTiQRy,gE8JUgsTwk,Dua7uIwlX9,d9zrLO7wKc
Ke71qjl6PM,xaYrNpEdw4,A6hfZx4Gr5,qlQuY9f3em
S4796eOnSC,o8Z21zNmeq,bM5moo7Was,nC0JeyOjFe
eAiWX9hbJd,OOe8xGkqGt,6o4qYaSMVO,H4FWtVD4vf
WLDSMda1HV,IRnCVUZ719,0AnbPp4y4R,fvY2xFxU7A
OGypXWlQRy,da_Xcdvq2O,J4KAefjIxb,KQNIfJecxf
r2MWSbUApi,XRvawuNRaH,rnJrA71i9G,ebUEddQmTw
pNJoJJK49F,IdWuDn0FvP,09XCnWPC9U,mzAoqwAfGZ
BJfp2KtHrT,Xp4lkj6YlS,vWyZ7aPJJ5,zYpDL5BRkS
RZTY2oLcEq,kNzyu8Vdh9,Vof0RhBmrk,UMo0uFIE11
ObemvECWoL,Q2B9w9vn47,PiCVlIQTSo,googKYujZj
hA9TBuYymw,Z9Lhr9u_V7,ZMjEXn8i4a,IWc_y889QQ
aWg2p8YdcN,SLDeM_7EF4,ukr50FQvKU,sveneZKxae
m1u6K4tRUW,0w_HmFpJ4K,yt0ZqEuYNK,gOYvpIPu8Y
LAtznef7KJ,W_iYnMNGO6,spB673PK9b,Vc8TnfzCIz
g59uXzfi6p,x46xH531Cl,mdaHBq1ijk,HgYyp3Lq4A
CnSfELOxBg,6gcOtaoPrZ,Pg5S_MPFx2,HwFf8GUEYY
9YkwMl5Sfu,lK9WyPq3Ye,xopMdL0yC4,YRV37pOa2G
qG6a06dWV_,rV5wvaz8Yr,3bLhhPVcKK,6gbCXzWZk1
MAC6f3ARJN,tLuewQKBe4,2ozDM5uaBL,xbE0QAb3g2
6INCMPu7wl,4ThlIyIRx7,CxNlq09M_u,gZuccrEXSx
jummSZtEcf,rfUD435r7P,ZKdo8ktgfa,LXwkGkHzVE
CwpmOMRXgu,W0CUdBzO_2,_iqokbM5Vs,HqQfKVDikf
v6tV64ZT1t,XMD76U2DnA,ZYP0_jFZyl,vXaHDbkRVJ
E9ss04S5Xq,yi4JWi7oJ4,9YKh2lqsNb,KWFviy8cgH
7uknjL8955,iXI9fTMNkY,izjF7HEWWc,xTQW00X290
wgeCISJH0D,RdkNB4FBuw,sw_FhDB5pY,utl1ecDC1Q
WB2SuYA_rM,pEV3rh3tEp,_NY3oH1hiL,flF1lk_345
JcSwDKBrI2,0Kpw36dHXX,TkcZU01ajd,0DBJwHAsoR
GPxzE9NqNr,ENniBwrPmb,64SU01kDj4,2VkN1IA_fj
Y887_gUaaH,KEYeMl0PAp,LydxPQjNIE,ZpCBALrqRe
IiMxOrlsns,45h12lRJ71,ru18moU3WT,XcbskZTR42
v8lSYiRUMb,gv9Ubi_Bg3,dWsYVc6_8s,aKUojyTWNl
6ZwhPbXZSU,bs5Pwtf1x9,hyR4YXVzMj,_P30pjMshq
BldlT2fSVt,ZMK_K4LpgE,U0JQdMEU3P,xWvNnQVtGt
6I3sy8W8Hb,uymQoRuCNJ,QIA_AT9_Eo,SjzMzbVYiZ
fIH5H7o4ac,UdGPGAt0z5,zgUJTMW99I,i6Ae6Dtw51
6fAuIIB_5H,s3jPDwt5JY,zXH5V04R57,l8d9mxMpjG
EEWb3ZfzDX,g7v1_j3GZL,90x8_Ifnuj,JCvRyh1Om6
kNV7pnPsBc,FYfeQZRaZS,r0VG66ZZJI,mN_zB7kPXK
q9TDSvGFSk,6_8X8YChtV,1PnfYWgrFA,rxZe0gBcNm
HxSo6_cyq2,3x2lds93_J,ufeiG1Mvfc,Z05W57dmwP
Vinqa12KB5,8qeho0rlhB,NoRmz2uyhf,HFJ7vaFYPP
kR34CDd8DL,bGh685KIDD,9Z_JONF3wC,9oRUQQnbPe
p2aU3S00c_,M7CxMfMiye,jTosJKPxkM,QdVHuMWxCr
YultWtCkcY,TufLK3wDp0,wjdeoR5JlX,ukhiShPl5A
LsiXuvvihm,2pB5lzZtCY,4lpde5Cdaw,AhpvKHkVFf
UXvMbmtnPQ,MUTXElIve2,ER5Lnm5pl3,zv3g5IJehC
HL1mpo3ooG,6JGs11EKx_,bOOZdnSEgZ,GIAW4x1Lim
gq2KewO2Bd,DxOWPAOoDd,mqr4SkTr2r,NuEjbmnJWl
NlBfFNLRMj,_ggb9tjekV,M57ndoRHmU,VgmkyBsOup
QQC7d8ui1z,MhbdwImDwj,HCxszPIDP9,90s1C6o_ig
HmGlJo5lXo,wmtDswPLBt,YL6180NG3y,qElFrLh2Ek
ieTp2mQr5j,M4uYSzKk25,4aLJPNI7Wq,y7hNQTnvKI
9Wx9VXzfFx,BpvcYXd71U,DibkNQWREf,7r8jmdG5ib
7NJVYrW4u4,RGi_uFFunj,FCo0AA2qBj,lfmog1Rn_b
XPmr1q2ByF,wH9t1DELXT,TIgnJD_rMh,rDoy_0ZErE
HHCOOLmX3E,yW7v5fa96C,j0VBIayAUo,MfcLBuy3cg
ewdMadf64q,IxG5cOVGNz,2xsiCUlCZI,7gbtNMkwft
3jiwzB6leu,l6uVVW1ZZA,b6bvQ7gCoF,I4PTt7gxGq
Q5KE8vk81_,22fXmrOWhC,rjrxUMuge3,JbphFUdglL
uUYAVi_Io9,8313gDUkNa,mply9nNn7c,b9AAMpcjqf
bpyEBn6GsZ,_sVwkno6D4,jWXJgvOSrS,k3wJN_EeVL
RmTxypkw3A,5Xs7VOarjP,Q3gjWzKI7b,OTqxGFppy0
dku3rZI0sw,nZDQlMLgLF,jtiEL4RhvY,GVpZnDs3Md
KAShRH6xYR,YfPaNWng5R,UCbENHQH2P,qo9RxSduFU
5rFEROkIhS,rS0bGaAodx,CsHQfimZIl,SzpJUrMxHb
MvcIJkkfDZ,rCMNsGqjkd,12Q4lf0FWk,5249wV2Gdg
rhbN6mr5Az,rgpSCfEpR9,5ngiEHz5fC,GcVfplOOsF
t4Ad0JSF08,MnmvAEKpkq,I1Fl_cHYXc,C04Pa0GIQS
LTHS8TBvgr,bPtJAc7BAh,7n0EoR8AXt,B6iKfMmE8q
HacAygU7SR,UmQ_w6g6hj,rwMYpdQ8rw,JzYhExVLZa
8L601KD4qF,s_oEtAwGtK,d2mdP2L4h2,iIGSIhWVsV
HOYuSi2QXt,odlO89p43L,q49SZyZgA2,uMC8gLOdRe
hPm8e3GUGj,rJeHX3HtEL,kES4eoXz5p,ZqQQqsSWWl
41sL7Gul9Z,Uxdh9jCUOC,39r6CtGtqj,SmgByGonRK
xcifANocJU,A94UbUIG9R,ek3Pxndh25,mCOGqtaNkW
JK8QBAxgmQ,CC6Yj0ewmf,Es4B9tbzKo,Kk3GftLfPJ
I_Hf_p5aGm,rKCpqBVRdM,tnxo7_33Z5,5i6rMb6Lbf
yyl9QqWRSn,2DckR6_nuF,5_P8wfGkQo,YAzat4Pxoy
cVlRRfWZCv,iyRgTQsEH7,ABW3qQvUoe,8lj1hRR2t1
cNIoksHynA,WLG4YdnNUv,jbwXWB0bGg,Ni8qQOx_Y3
Fx0n1I76J4,VSrGAe17yo,KeyVAn5hPc,MrPjJO9zp6
1Pdo7ZCS1z,8VtsO1nK5K,eq4r2eNqPZ,uJr9Vq2Uoe
jpJlg_Hk44,8PiHxpzx_p,5dHoRviWlE,OG9oHIUkv9
LyQumdVB9t,3TNcVBXWtz,SelS26kvrx,aPnpWdWkWg
ZQMcyPhqpR,SCIvq5TFwG,ybPZeP5c2E,AKN7GbCYBY
kywFP2a1hL,H14eWH_pw7,wLK8DJI_0V,iTCCw65qjT
jQMOoQqsET,qlhGoegUPM,3TrVXbepv1,RCAfQ2dTus
ElXVU42igp,G4jexqPXgI,vh8jUX3hdE,fF9JOsC_0G
QAOU4uerNk,6d5x70vi_B,HUPYaBXROG,zDb3Yv3c_d
XyND4C_TJw,m7_pL6tQTa,ZH562s0DqP,VwMsug4v_H
NgYcmReiQu,Ai9dSEk7Ql,371JgcT4yb,NJPQa5Kik_
lfW7FAzKxA,BSwXdFd26D,l6HL2ETKch,wu5_dcfpht
ZzQE9Ljgal,WSXEBGsM59,z6bjUCtc0y,m1EsP2Vm_v
whlbBSLDNV,gDushEk7ny,uSXKKowBvW,7_0HROhhb9
kJ4fqF2WjW,qybrQWtHRM,kau_5xaxDO,0HLE7JQpdX
CHycoZ75An,FMzmeAimCp,EE0IpVvdN1,9S7OWTloFi
b7gHUdpnm1,heN0MG5Sbe,fw2Ll8GrgQ,NZPizMNoiy
st81usI6Vy,zN3LO2OOHy,iL__Wqb9S4,QDaK8GSsrb
3sGp0I2TWr,XlkOlsK4uX,Eq_59zDvAr,hCIxnKuDUN
K6qshK2WXG,Ewnf1L2yoS,jQ4U3x73JH,ZRpSsbvpf5
zw8UTYauW1,Amp4JbczzQ,h4gEMSQ9hC,DHOsR5CtQg
CLb1kOtU7V,xhjnD7fYHn,9iZShzIIHp,H1ZzvH0AEc
AJ6g9G2VqO,aDJjcUmMfX,ecX4o1lsq8,bk7lzhSqhJ
NzrHHkAjcP,_ohkt1Z4jV,zsu2JB1xYD,q9Gql4j8jQ
iZUSyTsSJV,goQNSTgMfP,GoA9NUcVj6,fHjARr1yQH
Y3WPEmsEkE,vwDF63_tV4,040lsN9LUF,RR4juSjZVn
LBWZzrrlg9,OY1OZjEDfH,39IlnwS_aS,FQuzCVxd8v
84VIpPOwaf,vrMt3XyqWi,HM71G3pvXZ,1tkKWJgOLt
6UIj8vXpMf,jgr_vM4_ZG,Afsl_w1cn6,jYF4Q3VM0M
TRNGvbOAtl,gxsFaH9sLT,f1FlERpSb2,4BVKO9wiL4
yofNPbo82C,hDw3JzcuMV,Yl5ID2V9ym,9CW4ai8MPc
A7wBKzaNkh,x0N9U4c9P9,ElrEM1hteb,Di0qL1_seb
7fOJLr_BJ6,RnN8dfD06S,lbhfg3Lx21,nS8DKwQlCE
ehOgRGL3r8,rcj4Vzcsc0,mIM7D7zFg8,0vGapAhQTt
Dyy0b7ZDUu,ib4smlRkO4,ozpAiOEkpf,QFI7kUngrF
qHv1OI1u1J,UL2r4Bhk_G,gHILkIBHuF,HK8qFr8yK5
jgnN10x9az,fqOHmb2gtd,0ePVsgXDC_,_C3VoC3vQE
0if6xOTvRv,IwsvUSGFuq,4gMV8W85Hm,KnlKpm0tDg
MR_6oZ4ysO,DAJCXL3GgO,RpYHaPAlZj,cQyuEhECDm
UibzsecNGZ,PcvJcnBl1Z,Rou11Rell0,sYtxc39LUR
cX0NDtb54n,QdAa_BRc45,vG0SxZKrNC,nttZ7zZShp
vjpC4QPZ2w,6TUwpZIo3c,LCWXpnVQZ4,er5rdqG2II
zeUYckdXPc,xnS_L9l_7Q,8E0uQLTdlI,QeCfswAktc
931S7Wsjmp,sQXPU8ihHo,Ybc4btlVuB,j4rDwmMD6G
nOfO1XmHQ6,rzycrt399K,fyr_gSnt2y,CNqIpjsZQS
bBwSWBDjoE,EaFeoso8Tv,82L1bB_fF1,PEO5pTx3cv
nKRJTVVc_l,R85OAJny4o,cWsawSRdxy,z4RXPIxbHa
9yR35EAXXU,0MvWC51mZY,EYtYBERkik,_MBvjaZHxq
6wyXXKZfFz,W0ydfMG2A2,4Svml4Ec1r,EgrOoxwszB
IR7v1_f8kb,OoU8fNjfXo,owyNV6L5OM,DL6bG2QnYI
ph20yn98E1,23f1AnYMM1,booZ_gWMBA,3TstRVmJ01
kqEWZADO5z,U5gbiqemy5,DmRUPx3JMh,o8eMfaq90c
dtY8Ic_DT8,4nUcHprV5i,XRZgxv7APm,QJuuYrKdq6
yAh_NGtqcY,W_so4y71w5,XviRGZNpcY,2M4WTmM5X4
QsUcn2UKIb,IHSj_8zBHk,Li_oAv2Im0,B_3hoexqkQ
_1D62rqI0H,FYTwJihflt,HvZfCJa_RQ,w539JXfp2D
cA4hw4QU0a,ZMp_Vk2Uaw,6WI_EErTrE,1USUsUkfaw
HUY8BTdu4a,jt1xh1TVxf,LmP5A8fz_X,YE0NgZJbRe
VNgbPrp5cu,og_ctajcBX,67O0L406QL,2MwOPys40J
bOpjwFEnKU,3AUiAYhswD,UPovbK4rAd,EI4bVmOYfF
LmI79uazAa,eIxVqzZEgQ,cLwoylZnpt,g3CECybbCr
I8QNJaRn1t,zPw8FycILj,JAl7h330Ll,qWq2o9nyHk
Uu5cTMwegQ,qS4rteQ0eZ,PmHyr3yUkY,ue1o_7fQcs
dHyCB37Tlf,foBT7W4WAZ,cLGQx4eU0o,LCqEiVeUbm
RmDWhnAkh4,wleAqkMDKt,1TSSJgUegT,7mETShRW24
6mENYVDImS,_PVa6eXLtk,hFAYwmm8tY,Fm62Rnf14S
v3EPg6sIJX,a7dJj8LVJX,ntvzz20lLe,Im0SOpSfFf
WOSHYVbmsO,RvwKjcLQYy,baYtdqU6mg,KkSPKMS5VZ
yL1vMjkvDP,Pa_I1FFZ8d,ehX7DjCSsh,qq7xNLST4m
EsHha3OI15,ZcwDWiuf_G,32CKqQd5Fy,r7CiCXriD0
g4nqSUDQ9A,9qwNqyl8oM,lgpSac7SGw,sBIhdPQZlw
9kALDvN2yi,_9Cz1hKZgS,992HVCNDR9,ul9lS6i19y
U4iQHaiyP_,DJp6oDeG3O,qWO0MCAcVW,tueDsDKzFL
MtqzG0Junl,5GQ6hfjOJf,Y2yTybAU7j,N_5vfZAqHC
a8R6N16MpF,i0iBgenU2Z,uLLFHBKVj5,ciWuZzwedG
zJrkpM1_7o,8KkV4Z1MNJ,2sfL4LPJRm,dpLwnYM9NZ
5WOowuo_Ss,ksdUzRd3NW,Lnr7RxWycX,2gfsVLSxkX
ijvCfNKMUG,APZ4SXoiDj,sHh9u0sU08,H64ysE4rf2
SbfdUCDUXj,C23ToKTgEu,QnR_Ri4CGq,TGY17rtyLY
iBmb6VgMlT,c4ZOp2eXb7,WxmEvrRLfr,kmMFAFTga0
J3uTXmO30n,leX5DEMkAQ,GynoMb9ufg,o5tIlQgoxq
NXSUPZj0Id,hyzlPBshB1,31kHqOhf3B,m8ar6IWS56
yXiX39x1_L,Iuoxjswotj,_6kZvo2FED,FPgpHgZkMs
f7NheJuBss,2Kd9ZLLdR1,VDlKuLIF56,7XT2wDF1eg
Igj4zUYhsY,45MGOCCaKs,qprEWI0sSz,2Es1NXp8Hu
Yn3MaQXP6s,YsIHfbJgqi,pRXRWHCaeO,5QoqjGjaKb
VcUJpjrNwm,lLkH0HRS2F,59Y4ouHY6K,GdbWTK1Fk9
FOxebF27EW,7xHwiwefMU,zw6GN5dpTx,lXVSwJLpsz
sk0e84l8DU,0msHIVlZ3E,GECHHhxhyv,lE_4lstBKN
nj9C0_eGuj,I36m2eBmEz,a7YNLNH4n4,BFi_sU6gsT
QkU7GrwrYI,HXp4WJDIA5,orS_x7MzzC,ZfbOaEdAEc
0FVDJnsjHW,3DQpiqzKEt,50__V8q0t5,fLOSie5jfD
sROAXfYlGJ,NfWLSkkDDf,lEICUlmGUp,P3RD_SQyfg
7JrZdl8PPr,9CSFz1tKfl,TvqgBquGvR,uZjUszKUzH
TW5CJRM3Lr,ZHvRKKHoCg,DlT64ueXvu,YgBNEe1eje
4DP_Pwaokc,HOShElbhoq,FwTLP52wMB,AhZFfY3VZV
dKop4HANAk,wa5S6MJTy7,1Nq50g6tmG,mCV7eF1KyS
e5r2nvmBlq,PSmw1Jp_Xa,2TDl76khQ3,ssgKj_l8_n
pkHwnlxXrq,UAoqmZ3nvF,5mWgN28DAu,BHI3FC4UJF
0PzeFfnFat,z342VO9IOZ,4N79GbGzyh,FJWtmvLRXn
LTrHFJCT4x,HIqSisJzVs,cjuex52c_v,Z0NMLcYBAF
pp2Y8XkiFS,8VFRFKgxD7,L_L4Uw59RG,Z9jSktOmpL
XtdIgMxczr,xaVo62q6vB,AJ3at7qdfF,cqsuUolI40
ipVvY_AIBl,SydC_6SkJ9,A_JPIgXsy9,M4VmfJjkfo
MyOqHlOjPh,fOM1T_CBv0,ubmNBbPfme,KDxkrxxIVW
Rsi4_h386k,sFiwBoRHG_,Gihvn0Nc7R,46gHQwvJbi
21LUnp78hk,OXV_aw7RMf,bU_Gc9Zktf,5NkJ4Ag6GK
zKiWenJGPT,TMOnqmlVoK,kAgPNRYNij,mpbzrOfTnl
p4DoHBGEvE,M_1Qz8tEH3,o2octkkNog,wisA0XkaZq
uleLHtSRrY,YRajZcvw2A,ryOFPvGAFL,FPTsc4nyVm
Weu5FJ3VpW,ejObeF_rgn,oT2_52fVOy,rVcvo4qJjt
pdpLSwPHTj,lI01JV8Swo,pS9rrm6hGf,JLfZCuByW0
Y2Y_NWktt2,OQfWkmUUBT,8KsWehXk6c,Rku_77gi1N
tLEBnmcqUg,UviF5lXSqZ,1gIopx64Kb,fFIBceYAYl
gIqPna_TBO,XHVjx4ik65,t6ceKggV4L,lOYUpTnt4R
_heaNX_Cj7,vxu0h_vagD,Fmwsc1b00u,YaXrpmJyWm
GEEaGcoTV1,mzlv6LER9e,52ji8ZRIEp,3dhvQrCPm1
ZU8_QYSYNC,Y0shr_ChMs,KY2KqPEHoq,sprlvCveoH
0FJNuhY9VZ,e2rnGtBE1Z,m_qevXCUje,Dx36Kft4hV
QmjSZp0diV,jVyEPKUu1e,eljLjeC17_,C2xwy5va_p
HODBhv5QaS,0_ONEE5WhY,9_9yGvpnEF,JTpe_Z5yTW
8VUKBUoEqg,QTfnUb0dOm,EhNKyeIldl,Ow0Wr1ig51
QUL4UqFyq5,qhTlRunqJK,sfvuSGDa_b,pWJfAfhJ2e
eo0OVM5qQQ,5LmiEy81iO,S671gEd3XN,6oXSQWx8VW
hw8B01qkBE,B7n_rMWFjD,SCQrxStQNL,nItEIOWZRA
a0PD6esCLN,FqneXkmX6j,PKCS466J8I,x8ERMCp_KW
_S669HPjkZ,hYwyVcMurr,isP_4HQZPT,nGIGWz2tKq
HfQSpJPzQU,JNBWTWQ_Zw,vRGogm5CHA,UfdD6P3MTK
LQtFrj1UvM,ieMwtEgDtc,IqxRUjI74q,IvBNbGNNrO
3MKAHVEfpV,u4d3YMDlI4,YRXQn8VcBQ,pJY5megLII
CCTlQ7rGbf,0r5CsJ8AgV,lZHC97e9MO,66JLiGUet8
N5eFpI_Q5J,1xKn5QorzP,Ev1k6tZy9R,zJgiQYaeec
4LtYJtQoQT,YB0X4eGk93,8zM75BSep9,c_qPCl0nxP
7QzA29xnX2,NPvwgPacRB,ewgoZl50T5,yC9i5qmANM
nwAIbWk3fL,MveTT74a2o,APYsMVrL3S,52Wd1jWGjV
PjEHFOgJSP,qi7vsuQScw,2GybyLskGf,NTIq5WRm5y
BY4vK1B5En,J2zR8zywkn,TgXRT9UIVU,e43vM5WjqE
JC38gTkCJV,edezFYxywM,95RzL5URAA,9Uy9GiittO
1enZJmohxj,lSE9T0pRMB,ewwnVJzQIX,q00EAE7Eer
mgL6vAo65_,cwRi322YCz,5x1d5GrqHI,MHQhFKqt7w
CHddf0fmjN,EJB53LVd0A,UiTS_39u60,krf1kf1tvY
e3XenU8d4Z,DpdiFfVKVy,E_BsHmm2He,AVk_36UrIv
tHAwrToIwG,Xs94l0neeh,2t4SK_HpFj,sEr515GN1l
8U4ONdmfjV,Jw8Q7MIC5v,1Q8dpC0Fk2,lYgTITnR0m
SBWuTLlvkV,zvaS0UAlHi,LKsPwS1ofS,kWNp2ZcUz2
3aS4ECs0ra,QwvndHEGII,FXkRsad17f,vMaRgMrdJt
CWSa6WSOp0,Nj8cgMDKy2,Q_YHEMkZLo,Zb7IAaHol7
u2e45Mu0FY,zwCmfE2xJO,LmhD16VWY5,Zhep9szKIS
9swU0g3cGS,lwNCDiFIlL,wMDfxCLCP9,ivaXKWlpeV
r4eGLJ4gsX,3DOH7anITs,C7MkNhnpXu,IAYhggktwV
jVbuHCafNq,ZnO_3uVYwu,WgMW0V53Jj,l7QXtNnpgt
sYxilWsbjx,whTT9HqyFq,3xByifYa0i,PfwOTQ62I7
FMWOXHEjR7,sM0sik1Rlq,duoP8vKkS7,k5qrmSCHWU
s9aWWLOS1e,shNG7hguMw,ELEWkb30wz,o74cpwBfmz
9f6ssFyVcT,u9kbiTb4mq,mVhcquO_yp,Xl0Tq0l3VA
4msByJaade,8J5Gtt_vbT,7d7CMxIEKV,JWQ4IeFOPg
oxC8_8RvXx,ABVqUgSjwy,HsTMMiegiL,nwJHcNqipC
t5AYoDdlQm,w2p2LiGAvD,JHfPz1bAdW,mz4fcX9nCS
wr07_anfAl,qzaKEN7U_t,VdGeBtsc8r,OCmLWPLaR9
Yn80FqrTDv,0x4esdPhh7,NGBHhFFnT0,8P2Ldw8snn
3yKC_sDM7j,kcbE_73SVQ,pGraIPEL4C,EOsE0Wts5b
UT0YRU4rBD,lBM2QRVpL5,ClMDXZ2xP2,Bg0VkSgZze
C3MeWgq1G1,tv7Yx3OaDU,Kh8hsdVcVY,zwxSkzcBAR
1CDV6dbYyi,HHQaM5q3ol,g2k_0VtvQG,nG2uYY5G6S
Ujq1g46EG9,LDSvMdTw4k,t6LN2lWHDL,LWo5guZZSF
2q2I9mTLSD,05fvIsVsIo,JrA7EdobOf,TpqbvMetgu
VTCHXcMOJL,RoAqkZFI4M,R80ew0GQci,BZRxF1AHWl
b9VHK4dP_8,9bpSUCH95i,K1kJDuS1rU,iq6JxpLNfn
9u5hnuId42,NRjQnGXVhN,4UqzX8Go2Q,pHccbNOxZH
vkDqTWb3tp,ybXn8txmYx,7Fxz8xPoiX,P6hA5BiStu
XoymkXrq6b,q5uI3fL6WA,tOzYOTh8lH,FvQ5NHzYhw
NkNahwupaK,_pYnnVVucB,LPMwinNqIk,N1JBvtvZCt
VuBFYK37Z6,KGPSZjHRYL,zJP_MZpE0m,oU7Gz35n7L
OCGlTauuvp,HjLr0pOTE_,KSwj5Sa_Mp,LjgTmhiQqD
f12kpM71TK,XEq1dY3J69,ctB4rlttOJ,pK7rFoS_vP
_L_BrJWc8z,nSIPtEIaMC,Y7w1BvaR3H,d_b34K8EcT
6bKVPqQChy,Bl02f8s1rO,d0RI523mn1,weaJRtpbLc
BHpEifBaQV,Ir0d_f_cd0,G3ubjdJv0Z,ffbLccG5W_
qL_yyqq4o5,FkIjWjuysF,CzeIWSDFuo,ol7Nb7DS6e
83VZd9qmsj,Xl570hCz1V,PE6ku5_era,haGntJUNwI
2s4HklFPRO,5hArxyxu_t,Ozx2LHihqA,PnRSOHFjrj
MtYupVNYBG,wZxzaLJISr,gpOjqLbwml,AUmr36uKVU
_BQX_Fbcaa,WIXPNJf9vV,fNx6kVZwPZ,l3pJykA_Hq
5QgKtZfPQ0,Z4mAqg8cIo,nIC8XZsnzS,023WhvswKF
h1RM01dN77,JTh_mT3FGL,tngyiPLo_Q,jLgdCiafmS
zXvUS4HBXo,NryJb8alav,LNvTXMxwvg,Vdx9veuEbt
lUcBem4BvQ,EHGg6QE2K7,4PE84Gg408,PHn4xK45It
FHrrANwMc7,uZf3iGk9VT,48l19GMxMF,8ey9mv6IwY
dF0C2x6bN9,sGlSfnczQF,e2Z7DiUq7I,YE7Z1nhmXe
7rxhZTXW0k,2hNp5VXX3P,0sR_Xm7BHx,yJQ8NG8GQC
APQfZfMwX4,xooK2iXhRU,z2sd65EmNe,Y_J09j1gUj
hr2hOdTB_O,JXduK9iLK4,oPDs6Lo_d7,EuAAy9lYxb
ukv1EZdp79,OmitpyrYOb,hvWmips8Av,OqDfoRPqFz
O8cbBiiic8,km1Go1qgEr,WBTWn3rgha,LkF3KCk_Mu
6YfMfyYAW4,1NPpLoRSy7,j2TFkKsdQT,uTDs3HBM45
DfDLQURuoL,a0ouzGDrDW,KiGOcuHMAj,UNfRAHrjnW
46ZSzYVcsg,GSZ256pgpZ,mLCpcwMIlx,Ax2YVb1ufF
